method,context_mean,context_n,context_p_value,context_cohens_d
original,-0.10176673721186588,166,0.0012933411386867192,-0.2540861508596521
within_word_l2r,-0.10339605756257424,166,0.001852260712231218,-0.24558416948491177
