method,context_mean,context_n,context_p_value,context_cohens_d
original,0.25338066438145257,785,1.959035249203693e-09,0.2167447768288935
within_word_l2r,0.2923960845388682,785,1.529371232012641e-11,0.24435743666969054
