method,context_mean,context_n,context_p_value,context_cohens_d
original,0.3278022408576324,178,9.708065986042491e-06,0.34144379998765345
within_word_l2r,0.40474643026795953,178,2.1994002711459933e-08,0.4393191390640215
