method,context_mean,context_n,context_p_value,context_cohens_d
original,0.01645915384792358,178,0.6214774373184377,0.037073795118018366
within_word_l2r,0.01645915384792358,178,0.6214774373184377,0.037073795118018366
