method,context_mean,context_n,context_p_value,context_cohens_d
original,-0.03846569745606985,400,0.19760488080349714,-0.0645278194139484
within_word_l2r,-0.05859561048113392,400,0.08064005688813254,-0.08757154361304036
