method,context_mean,context_n,context_p_value,context_cohens_d
original,0.14857164148160965,837,1.0406326064957295e-20,0.3312434505115716
within_word_l2r,0.14670870302124903,837,4.122030112534558e-20,0.32575552377473216
