method,context_mean,context_n,context_p_value,context_cohens_d
original,-0.011925232590829182,400,0.297478077140609,-0.05216099818925475
within_word_l2r,-0.016279256000743772,400,0.18623336496625534,-0.06620416916471511
