method,context_mean,context_n,context_p_value,context_cohens_d
original,-0.05288453829351056,400,0.00957036012606928,-0.13017784274460367
within_word_l2r,-0.08212533889735824,400,0.00011481809227397776,-0.19478213248931314
