method,context_mean,context_n,context_p_value,context_cohens_d
original,-0.09658128473057673,400,0.0012950903012948253,-0.16200458574888768
within_word_l2r,-0.11336959707484312,400,0.00046367292892816566,-0.1765103565782081
