method,context_mean,context_n,context_p_value,context_cohens_d
original,0.2527528514842383,834,3.6061082918627734e-26,0.379216845215204
within_word_l2r,0.23105489555688738,834,5.936304913726969e-16,0.2858386729390359
