method,context_mean,context_n,context_p_value,context_cohens_d
original,0.00866171057693475,785,0.6977277825692245,0.013867305616641332
within_word_l2r,0.0061149847267750225,785,0.7895643183407501,0.009528482000865323
