method,context_mean,context_n,context_p_value,context_cohens_d
original,-0.06771141653671293,400,0.001244288239045169,-0.16258940985962572
within_word_l2r,-0.06992223830078728,400,0.0010079908605018129,-0.165639482202638
