method,context_mean,context_n,context_p_value,context_cohens_d
original,-0.1154756891318209,400,0.001992697537304599,-0.15559447760381895
within_word_l2r,-0.12193071441695792,400,0.001793321633125583,-0.15718226334560803
