method,context_mean,context_n,context_p_value,context_cohens_d
original,-0.017148305132432012,837,0.12381480064509012,-0.053247771521769974
within_word_l2r,-0.026193820539236384,837,0.02213687334481049,-0.07923295482654763
