method,context_mean,context_n,context_p_value,context_cohens_d
original,-0.0007354253224289688,837,0.9534864890332058,-0.002016753672525263
within_word_l2r,0.00045115061843124625,837,0.9714092715360093,0.001239211519917511
