method,context_mean,context_n,context_p_value,context_cohens_d
original,0.32336513601618705,834,1.869846251690884e-17,0.30098291478158595
within_word_l2r,0.1733146685776379,834,1.4211195525209624e-12,0.2490434259872761
