method,context_mean,context_n,context_p_value,context_cohens_d
original,0.06655303328200289,166,0.24376958660705472,0.09079386731896359
within_word_l2r,0.09582906194213225,166,0.12743840679837207,0.11890597692927327
