method,context_mean,context_n,context_p_value,context_cohens_d
original,0.13174176019900036,837,1.0929686581641654e-14,0.2720428755460651
within_word_l2r,0.15564118269096913,837,2.6586656025676595e-26,0.37957957262684583
