method,context_mean,context_n,context_p_value,context_cohens_d
original,0.011856049898650365,837,0.2368678388374364,0.04091469795169121
within_word_l2r,0.011473893735366829,837,0.25256638826507655,0.03957452321159571
