method,context_mean,context_n,context_p_value,context_cohens_d
original,-0.010577286988212791,400,0.5378278839143598,-0.030831695927732664
within_word_l2r,-0.007172927866949692,400,0.6789256615828038,-0.020711677803817483
