Context,n,mean_delta,std_delta,t_statistic,p_value,p_value_fdr,cohens_d,significant_fdr,direction
chart,3,-0.3812238375345866,0.14723522584953128,-4.484654075520537,0.04629570904872364,0.1388871271461709,-2.5892162377241346,False,female
memo,3,0.3636012077331543,0.3621018752201357,1.7392226016624852,0.22412516898780074,0.30889259615114983,1.004140637250517,False,male
phone,3,-0.2934322953224182,0.37583510202110926,-1.352294241136204,0.30889259615114983,0.30889259615114983,-0.7807474441435681,False,female
