method,context_mean,context_n,context_p_value,context_cohens_d
original,0.009292468184748942,400,0.6863486177697445,0.020205481390338124
within_word_l2r,-0.004152381426174543,400,0.8617298867704302,-0.008714249696901781
