method,context_mean,context_n,context_p_value,context_cohens_d
original,0.07140299063531984,400,0.0006291529708538487,0.1723049506455434
within_word_l2r,0.08635284848958691,400,9.159276320280499e-05,0.19760855683422185
