method,context_mean,context_n,context_p_value,context_cohens_d
original,0.34361877327959445,837,8.521021591872581e-65,0.6423671734244287
within_word_l2r,0.343623420692178,837,8.481245323804678e-65,0.6423794357773663
