method,context_mean,context_n,context_p_value,context_cohens_d
original,0.11601720674218086,400,1.541043353684886e-07,0.2671443500779457
within_word_l2r,0.11565761929243308,400,1.6954344650459238e-07,0.26621599165534277
