method,context_mean,context_n,context_p_value,context_cohens_d
original,0.007146354437690605,178,0.6325223481656173,0.03590336029183745
within_word_l2r,0.007803012028315596,178,0.6031538666485592,0.0390359488667429
