method,context_mean,context_n,context_p_value,context_cohens_d
original,0.004623494071182575,837,0.5602851143531573,0.020139378340282992
within_word_l2r,0.010937036225272445,837,0.19773495589061826,0.044556315882360344
