method,context_mean,context_n,context_p_value,context_cohens_d
original,-0.005331897486278105,837,0.5782179293185448,-0.019225339596227575
within_word_l2r,-0.005688412044148084,837,0.5594595728271943,-0.020181792649517128
