method,context_mean,context_n,context_p_value,context_cohens_d
original,-0.040004021231841304,400,0.032170820376157365,-0.10749048768877305
within_word_l2r,-0.05163399392873544,400,0.007766466358220314,-0.1337804757208785
