method,context_mean,context_n,context_p_value,context_cohens_d
original,0.26748817490610444,837,3.8308720983986896e-79,0.7269157053861042
within_word_l2r,0.2751867476739944,837,3.966184990850237e-81,0.7383491901844067
