method,context_mean,context_n,context_p_value,context_cohens_d
original,0.1328374911898768,834,5.474373932001918e-16,0.28620093798574225
within_word_l2r,0.11605015504307208,834,1.682065664095808e-11,0.23636259970319728
