method,context_mean,context_n,context_p_value,context_cohens_d
original,0.06992931392145631,178,0.0668324332250048,0.13822511523499725
within_word_l2r,0.038431837595361576,178,0.3419562602509158,0.07142049508871225
