method,context_mean,context_n,context_p_value,context_cohens_d
original,0.024370088677734315,178,0.29999968357823786,0.07791227660624161
within_word_l2r,0.02880192685086186,178,0.2251426499338314,0.0912341537816038
