method,context_mean,context_n,context_p_value,context_cohens_d
original,0.23730666993034705,785,3.5402497479578307e-12,0.25217388538043234
within_word_l2r,0.2243254415365103,785,7.489038265470494e-11,0.2356237356917004
