method,context_mean,context_n,context_p_value,context_cohens_d
original,0.020297810423002445,785,0.38989110475716765,0.030705137734554
within_word_l2r,0.017635202267044816,785,0.4577792284756442,0.02651438488064563
