method,context_mean,context_n,context_p_value,context_cohens_d
original,-0.0083177073302204,400,0.6617468651121478,-0.02189147042025636
within_word_l2r,-0.02110146703184,400,0.2938299025626168,-0.052557064413515035
