method,context_mean,context_n,context_p_value,context_cohens_d
original,0.005180224540862163,178,0.8923708296950981,0.01015612672869202
within_word_l2r,0.011073284612260917,178,0.7745108817788338,0.02150539581997049
