method,context_mean,context_n,context_p_value,context_cohens_d
original,0.26346254139573444,785,1.2661171161572121e-20,0.3418409357835616
within_word_l2r,0.27062027340257694,785,1.26453917180627e-22,0.36042905520317126
