method,context_mean,context_n,context_p_value,context_cohens_d
original,-0.03485836029052734,400,0.20811761809807178,-0.06304000568439418
within_word_l2r,-0.06474971771240234,400,0.0006875779519249961,-0.171065445737528
