method,context_mean,context_n,context_p_value,context_cohens_d
original,0.01746248245239258,400,0.5898721135482586,0.026972875350343768
within_word_l2r,-0.004466228485107422,400,0.8897810085223873,-0.006933492192690548
