method,context_mean,context_n,context_p_value,context_cohens_d
original,0.18176598668503355,785,2.196190950820823e-11,0.24239152926165952
within_word_l2r,0.1697356101131457,785,4.987562603965537e-10,0.2248229579945386
