method,context_mean,context_n,context_p_value,context_cohens_d
original,-0.06521999080070601,400,0.022688202347833537,-0.11437591819198571
within_word_l2r,-0.06493135006383455,400,0.023386992339181283,-0.11379031045346866
