method,context_mean,context_n,context_p_value,context_cohens_d
original,-0.02183361053466797,400,0.5422645993612493,-0.030495803130603613
within_word_l2r,-0.03756114959716797,400,0.2957625932930878,-0.05234683168589234
