method,context_mean,context_n,context_p_value,context_cohens_d
original,0.043362233587947684,400,0.0013673793908928584,0.1612080296905167
within_word_l2r,0.04927479341784647,400,0.00038112501552417527,0.1791689550294762
