method,context_mean,context_n,context_p_value,context_cohens_d
original,-0.002855997085571289,400,0.9305062547312893,-0.004363149074250386
within_word_l2r,-0.03975541114807129,400,0.11005371446237615,-0.08007587789074032
