method,context_mean,context_n,context_p_value,context_cohens_d
original,0.29821989217381567,785,7.565589372983636e-15,0.2830177434970996
within_word_l2r,0.24979857426540109,785,1.3763741100134007e-11,0.24492754175035245
