method,context_mean,context_n,context_p_value,context_cohens_d
original,-0.021931562440734343,785,0.3160448036030523,-0.035807897367483923
within_word_l2r,-0.02617514422626804,785,0.23905682875142475,-0.042053333146451766
