method,context_mean,context_n,context_p_value,context_cohens_d
original,0.05791619118679775,178,0.14124167426485976,0.1107649090345521
within_word_l2r,0.058025917310393256,178,0.14055266351987877,0.11095832487389207
