method,context_mean,context_n,context_p_value,context_cohens_d
original,-0.08850630698799591,400,0.00027521596409940734,-0.1835137152139633
within_word_l2r,-0.0905032161853478,400,0.0002107345963649336,-0.18701404408985703
