method,context_mean,context_n,context_p_value,context_cohens_d
original,0.4146584688576878,834,5.0737893282376584e-79,0.7278142434780506
within_word_l2r,0.41460685219426,834,5.03610160355744e-78,0.7220337764127547
