method,context_mean,context_n,context_p_value,context_cohens_d
original,0.015355631348433768,785,0.28409143806234316,0.038258018390850065
within_word_l2r,0.016460328800663067,785,0.24771183111464334,0.04128749030886984
