method,context_mean,context_n,context_p_value,context_cohens_d
original,-0.04196134217033659,400,0.00045094671560907745,-0.17688975133594606
within_word_l2r,-0.04128068951818932,400,0.0008673007028624865,-0.16778885985569122
