method,context_mean,context_n,context_p_value,context_cohens_d
original,-0.0161167181486735,400,0.5024333944864443,-0.03356378065493006
within_word_l2r,-0.006380158153997399,400,0.7940003841687512,-0.013064714779420767
