method,context_mean,context_n,context_p_value,context_cohens_d
original,0.07853048151156988,166,0.04665739652161091,0.1555756040252125
within_word_l2r,0.07690298726697346,166,0.05167157596881445,0.15213114087533758
