method,context_mean,context_n,context_p_value,context_cohens_d
original,0.136489113144692,837,3.2767491187583065e-23,0.353485967583865
within_word_l2r,0.1521056587757763,837,3.025621388277704e-28,0.39533311542930577
