method,context_mean,context_n,context_p_value,context_cohens_d
original,0.010208307619054825,837,0.20639346670901224,0.04370843567430312
within_word_l2r,0.00993009291787291,837,0.2267794623510284,0.04180943242376587
