method,context_mean,context_n,context_p_value,context_cohens_d
original,0.0696273335962887,785,0.00012099065386275938,0.1378955434456354
within_word_l2r,0.07198384097083264,785,6.278441258599617e-05,0.14361968878116874
