method,context_mean,context_n,context_p_value,context_cohens_d
original,0.10145853944571621,166,0.09687967836204427,0.12959195073318316
within_word_l2r,0.016527016478848744,166,0.7402041760337578,0.025779158323517862
