method,context_mean,context_n,context_p_value,context_cohens_d
original,0.026722979678109198,400,0.23470632602259098,0.059506068231779424
within_word_l2r,0.030345410277868724,400,0.17861715365377084,0.06736983180654763
