method,context_mean,context_n,context_p_value,context_cohens_d
original,0.6901507228728608,785,8.451647575643443e-35,0.4614510089778272
within_word_l2r,0.7212669874205887,785,1.471759710477867e-36,0.4748155349798629
