method,context_mean,context_n,context_p_value,context_cohens_d
original,0.6244418914902476,837,7.723103266814702e-136,1.0427058360060821
within_word_l2r,0.6278209576830466,837,7.204732038792937e-137,1.0483768515049765
