method,context_mean,context_n,context_p_value,context_cohens_d
original,-0.003418926416496788,400,0.8560526427555804,-0.009075934278211231
within_word_l2r,-0.009595446644029835,400,0.6336189414376115,-0.02385030409208558
