method,context_mean,context_n,context_p_value,context_cohens_d
original,-0.07063567640703752,400,0.0005947002823930106,-0.17308726354536544
within_word_l2r,-0.05299107549534256,400,0.01684077515484582,-0.12001296345687601
