method,context_mean,context_n,context_p_value,context_cohens_d
original,-0.018962387309218266,837,0.013663963577210638,-0.08541753188896849
within_word_l2r,-0.01903531998726565,837,0.014762900867769822,-0.08444993768131694
