method,context_mean,context_n,context_p_value,context_cohens_d
original,0.01025175807599941,178,0.2955437321592013,0.07863642586442403
within_word_l2r,0.014790765627214078,178,0.13833301783962923,0.11158645795894578
